path_src_vba,sha256_src,path_export_v5,sha256_v5,classe
src/vba/Altera_Empresa.frm,ee8f79df9b2c1a9af73b625b8a9a42cc56632f81aefcf3f1704bf98a9d19ee3b,local-ai/incoming/V206_ANCHOR_V5_20260524/Altera_Empresa.frm,ee8f79df9b2c1a9af73b625b8a9a42cc56632f81aefcf3f1704bf98a9d19ee3b,drift_export_benigno
src/vba/Altera_Empresa.frx,209f7e501546e7a81d1b6affaec1d1e5a65fd2b382218cd6214f0479fd52ac0c,local-ai/incoming/V206_ANCHOR_V5_20260524/Altera_Empresa.frx,fa324efa97cb19e3ac52a38816ef2791ea380bf748dca3184a2721b135697348,drift_export_benigno
src/vba/Altera_Entidade.frm,0636a6a2a3e480db86ae85d1ae93c5c35f26ea073f6a6bd93c1c207a1af0b736,local-ai/incoming/V206_ANCHOR_V5_20260524/Altera_Entidade.frm,0636a6a2a3e480db86ae85d1ae93c5c35f26ea073f6a6bd93c1c207a1af0b736,drift_export_benigno
src/vba/Altera_Entidade.frx,9949dd8e0ca9e091891be73915ad06ed1ba8624de171e6e6b0b1735cd19c5d1e,local-ai/incoming/V206_ANCHOR_V5_20260524/Altera_Entidade.frx,daf3ae287390181d7473b187ad08d2523f0c2b4dab9ffe2b5ca29feda126be4d,drift_export_benigno
src/vba/App_Release.bas,d353b65befa2658609b2b6d299431fd43e3faea5ec9b9582f4a47c6a2ecd7302,local-ai/incoming/V206_ANCHOR_V5_20260524/App_Release.bas,d353b65befa2658609b2b6d299431fd43e3faea5ec9b9582f4a47c6a2ecd7302,drift_export_benigno
src/vba/AppContext.bas,44c25f278a6fd6804f47a1c161006f269626f14d4f983f26b67b9eed8712ac11,local-ai/incoming/V206_ANCHOR_V5_20260524/AppContext.bas,44c25f278a6fd6804f47a1c161006f269626f14d4f983f26b67b9eed8712ac11,drift_export_benigno
src/vba/Audit_Log.bas,da390e3d8d1f4a9c6e05dcd142769f55200ef472e289c52f5fbd1f56a1c7a6ea,local-ai/incoming/V206_ANCHOR_V5_20260524/Audit_Log.bas,8de72db36e0c69695a5f575d11e92510838a7629104a4fd988d0cd94367a7a20,diferenca_funcional
src/vba/Auto_Open.bas,976296455aa93e158b2be289f84286de2566ed7186d45ae1672c5b1758979dc0,local-ai/incoming/V206_ANCHOR_V5_20260524/Auto_Open.bas,976296455aa93e158b2be289f84286de2566ed7186d45ae1672c5b1758979dc0,igual
src/vba/Cadastro_Servico.frm,6e1275f23f2a908890750f60659ddfd7392840d6676a67e8fdb418827fd9552c,local-ai/incoming/V206_ANCHOR_V5_20260524/Cadastro_Servico.frm,6e1275f23f2a908890750f60659ddfd7392840d6676a67e8fdb418827fd9552c,drift_export_benigno
src/vba/Cadastro_Servico.frx,5877ec9e8b0f5344aadbebf140f7290a70b9f51534947b918eecb409aec4a504,local-ai/incoming/V206_ANCHOR_V5_20260524/Cadastro_Servico.frx,c812131e82dc36100e773e2966067eb6849a3dcfa4d7f80996c6f9af02443b42,drift_export_benigno
src/vba/Central_Testes_Relatorio.bas,86770355e96208efabbb309cf475c9b0f0218f46f455b3af18d96af383860e85,local-ai/incoming/V206_ANCHOR_V5_20260524/Central_Testes_Relatorio.bas,8584a562d3cca28ffec0be4072ec2fad6e183dc07be637603450d602433a445a,diferenca_funcional
src/vba/Central_Testes_V2.bas,25f9e25951a8d2a5632c6bdf2073c76f8e75cc6806fbc7945cb4202c380c4902,local-ai/incoming/V206_ANCHOR_V5_20260524/Central_Testes_V2.bas,25f9e25951a8d2a5632c6bdf2073c76f8e75cc6806fbc7945cb4202c380c4902,igual
src/vba/Central_Testes.bas,6aad2e263ceb382b6bbd5be9748ca86c87e6b357c6191677baf07867a504c8be,local-ai/incoming/V206_ANCHOR_V5_20260524/Central_Testes.bas,6aad2e263ceb382b6bbd5be9748ca86c87e6b357c6191677baf07867a504c8be,igual
src/vba/Classificar.bas,a1b2760c77776224308454a239633305b9d0310e87503491c1766d71035339e2,local-ai/incoming/V206_ANCHOR_V5_20260524/Classificar.bas,a1b2760c77776224308454a239633305b9d0310e87503491c1766d71035339e2,igual
src/vba/Configuracao_Inicial.frm,87de7e47620f036d36b72f12802db1974b637fb556657d4eff08f2cf3cf923c3,local-ai/incoming/V206_ANCHOR_V5_20260524/Configuracao_Inicial.frm,c8a6ec092d5a81f9ba1326e161fcb41687b73b4df675bf25c108317daed8b0c7,diferenca_funcional
src/vba/Configuracao_Inicial.frx,9a6e1ce35e87bd5b825e7107ee037da1be1cc2cc6cabed02401c28bef968b792,local-ai/incoming/V206_ANCHOR_V5_20260524/Configuracao_Inicial.frx,32d5145283229e710c33345f6205b9a48713e742db8db8bfd0b08bcbc33f3823,diferenca_funcional
src/vba/Const_Colunas.bas,c4f92a531f70ad84b9b56dad6c6d8a4892b110cb58818585499cb74af182e9e8,local-ai/incoming/V206_ANCHOR_V5_20260524/Const_Colunas.bas,c4f92a531f70ad84b9b56dad6c6d8a4892b110cb58818585499cb74af182e9e8,igual
src/vba/Credencia_Empresa.frm,09e4d83d026714db491bce23b3be41877f2a8d643ab4a6df9bd8bc0a01e4e967,local-ai/incoming/V206_ANCHOR_V5_20260524/Credencia_Empresa.frm,09e4d83d026714db491bce23b3be41877f2a8d643ab4a6df9bd8bc0a01e4e967,drift_export_benigno
src/vba/Credencia_Empresa.frx,d12f887b108fdd45009d1011c3e5512637bfdd510fc372807a7109c5edcece28,local-ai/incoming/V206_ANCHOR_V5_20260524/Credencia_Empresa.frx,8480e49755a2156e3cbee2d280f6e726bd7d80eead1d8c7480866dd01399221f,drift_export_benigno
src/vba/Emergencia_CNAE.bas,44ac32b16761a67297043548af3d7d404c1767be42dcead628c1e93e01e1694e,MISSING,MISSING,precisa_decisao_humana
src/vba/ErrorBoundary.bas,ddaee56e5affb2aad85aee27f4dfc5aa64ce5adbd3b287b5caad04e1c3a0833a,local-ai/incoming/V206_ANCHOR_V5_20260524/ErrorBoundary.bas,ddaee56e5affb2aad85aee27f4dfc5aa64ce5adbd3b287b5caad04e1c3a0833a,igual
src/vba/Funcoes.bas,43103e52f6d2095d366be440fc02b277554e53be9740e3747a4d14262ac32c50,local-ai/incoming/V206_ANCHOR_V5_20260524/Funcoes.bas,43103e52f6d2095d366be440fc02b277554e53be9740e3747a4d14262ac32c50,drift_export_benigno
src/vba/Fundo_Branco.frm,2cc3c80389f59edd24ff2e936429fc96f23a4c51048314ebaf0f6ed3420e27e9,local-ai/incoming/V206_ANCHOR_V5_20260524/Fundo_Branco.frm,2cc3c80389f59edd24ff2e936429fc96f23a4c51048314ebaf0f6ed3420e27e9,drift_export_benigno
src/vba/Fundo_Branco.frx,1a3c8b9e46d2c5e963ce3a04e6c4bb4662a9a432866ed5fefee5a68a2f06decc,local-ai/incoming/V206_ANCHOR_V5_20260524/Fundo_Branco.frx,1ba0847387c5940dd51084a52f5f8c7f238f5a42ebe300ab23143d894d7f382a,drift_export_benigno
src/vba/Importador_V2.bas,c317e7c876bbb4f9aaa437f7d284b47259a773d6dde467b56470c252cbb1ea48,MISSING,MISSING,obsoleto_no_repo
src/vba/Importador_V3.bas,d72f8f52850bbbac9cf084f78b95c5d490e801470d32adc00f8d5b290f92b1b3,local-ai/incoming/V206_ANCHOR_V5_20260524/Importador_V3.bas,c86bf9f15f8d8fd7dba77dacba0f64ecc16c8299c902c166f51509fa9b0b78fc,diferenca_funcional
src/vba/Limpar_Base.frm,cb76a6f09f4274e4364b447749a0f665d6c29c89d17b32bbabd4b03a56510b98,local-ai/incoming/V206_ANCHOR_V5_20260524/Limpar_Base.frm,cb76a6f09f4274e4364b447749a0f665d6c29c89d17b32bbabd4b03a56510b98,drift_export_benigno
src/vba/Limpar_Base.frx,1163419a7902f2a6970d212460ddffe26e1a93ec93fc57f67b47fedf2c7e135e,local-ai/incoming/V206_ANCHOR_V5_20260524/Limpar_Base.frx,9c9b6f5aa8018bee30c461b2e91082896cb07e74266d8887f9a7ab952b6bfad7,drift_export_benigno
src/vba/Menu_Principal.frm,7b3c8b75750522dbcea60204d6d5f00b26e0b4f7798f20bbd81883d9a2ea939b,local-ai/incoming/V206_ANCHOR_V5_20260524/Menu_Principal.frm,25ab98753b431c34452bbce438ea5afbd3b2a7f9085a899382660395b8fff0c3,diferenca_funcional
src/vba/Menu_Principal.frx,ddafac80760c819d9a7e5be9e6489e436e53ea4a2eb757b09b4e1cc102eea53e,local-ai/incoming/V206_ANCHOR_V5_20260524/Menu_Principal.frx,f7fdc220c129ff721c4f59b06fe13549bfec3d9c057cc3caa92c6043e3a11958,diferenca_funcional
src/vba/Mod_Limpeza_Base.bas,041caf7077f14807ef7c631d5a97e586a87dbacdd59fca89ebd9ae8a4db614a0,local-ai/incoming/V206_ANCHOR_V5_20260524/Mod_Limpeza_Base.bas,041caf7077f14807ef7c631d5a97e586a87dbacdd59fca89ebd9ae8a4db614a0,igual
src/vba/Mod_Types.bas,fa72fe755128073a6bc66c9aa6e8d1e81fca4b14073c028d5a2ec88763d406af,local-ai/incoming/V206_ANCHOR_V5_20260524/Mod_Types.bas,fa72fe755128073a6bc66c9aa6e8d1e81fca4b14073c028d5a2ec88763d406af,igual
src/vba/Preencher.bas,f2a0003114b180c45e3340945f261c832bf711f8c05346b2b089e37deb32724a,local-ai/incoming/V206_ANCHOR_V5_20260524/Preencher.bas,cf8fe64ba367acc5eb3c746cced41c65c3943173c022f839bff095b2976b8fa8,diferenca_funcional
src/vba/ProgressBar.frm,5daf529885b74a0bb1fc214460ab7c111f86973a037a2a9ae711bb15c7946666,local-ai/incoming/V206_ANCHOR_V5_20260524/ProgressBar.frm,5daf529885b74a0bb1fc214460ab7c111f86973a037a2a9ae711bb15c7946666,drift_export_benigno
src/vba/ProgressBar.frx,3c939fc75ac5b5ea39803558cc848d06e940ebfeda5ac1977b7958b4f4ec9064,local-ai/incoming/V206_ANCHOR_V5_20260524/ProgressBar.frx,0315e1e633ee04e7f74ec1ca541d634fa7b63fb7ccd46746551d70644c36c892,drift_export_benigno
src/vba/Reativa_Empresa.frm,24d048cc52977b7d01619b3845ffda51343d877c7ed76a06df8c4bc4f738a359,local-ai/incoming/V206_ANCHOR_V5_20260524/Reativa_Empresa.frm,24d048cc52977b7d01619b3845ffda51343d877c7ed76a06df8c4bc4f738a359,drift_export_benigno
src/vba/Reativa_Empresa.frx,e51e2992aa3d5e47b6d9a630399874b6600fc3c85f956a2b7071ca0eca693525,local-ai/incoming/V206_ANCHOR_V5_20260524/Reativa_Empresa.frx,817f527dda789efd64bfd693c64873b99e7a1b0560395a978fcdae03aed258fd,drift_export_benigno
src/vba/Reativa_Entidade.frm,95f11ff0990de9ccf2be8ffaca3592ba096e1a16651eca294d862471a7a30781,local-ai/incoming/V206_ANCHOR_V5_20260524/Reativa_Entidade.frm,95f11ff0990de9ccf2be8ffaca3592ba096e1a16651eca294d862471a7a30781,drift_export_benigno
src/vba/Reativa_Entidade.frx,7302dae646b1864d0246c14e01a81675b38c4101756b77fc690a232e0c227399,local-ai/incoming/V206_ANCHOR_V5_20260524/Reativa_Entidade.frx,e67011fb66231fa1a22cff72b1c6a2b51d411ae81e22aeef4fc4d5d68c1bb664,drift_export_benigno
src/vba/Rel_Emp_Serv.frm,aeb7fdeaf902b9de3a95ef0c2ac18881aa0bbe117665d7a99b6e75b5b44052bb,local-ai/incoming/V206_ANCHOR_V5_20260524/Rel_Emp_Serv.frm,aeb7fdeaf902b9de3a95ef0c2ac18881aa0bbe117665d7a99b6e75b5b44052bb,drift_export_benigno
src/vba/Rel_Emp_Serv.frx,8f833d4a16170a7c6c31143a95a57291e3bbc53d4741dfca6f390093a52c213c,local-ai/incoming/V206_ANCHOR_V5_20260524/Rel_Emp_Serv.frx,3e0cb872283c6072ab8dd796f9a6e1c3ee74680e3066dd77af28ac862563b9d4,drift_export_benigno
src/vba/Rel_OSEmpresa.frm,b5040d5a72bd486a080e4bb4427009dbe1bb8192a371c12f4941b79a66ed244d,local-ai/incoming/V206_ANCHOR_V5_20260524/Rel_OSEmpresa.frm,b5040d5a72bd486a080e4bb4427009dbe1bb8192a371c12f4941b79a66ed244d,drift_export_benigno
src/vba/Rel_OSEmpresa.frx,e8b819f4b6f73fa06125bffb2c16a16e7977d7f78cb4a71454b609904ca1de45,local-ai/incoming/V206_ANCHOR_V5_20260524/Rel_OSEmpresa.frx,828dfc02354d9500b54d6bd6c2c90932431f74d809abe54427c4a312107a6347,drift_export_benigno
src/vba/Repo_Avaliacao.bas,0fe418880ce973bdf44b29a3f9ad96c16f79d06accdb5d0ec272c75d7905b263,local-ai/incoming/V206_ANCHOR_V5_20260524/Repo_Avaliacao.bas,4b646808d7cecbfd8dfa3fd5a2c3b17c9eb79c10f018ad152f323788152b80bd,diferenca_funcional
src/vba/Repo_Credenciamento.bas,b2bda894227ab09343ed645ab48ea18ad143cf5ffcbae7756e504410fb8985bf,local-ai/incoming/V206_ANCHOR_V5_20260524/Repo_Credenciamento.bas,d87894cc8c6233e5dfb222b51f0e0c4f1b9299b06e056a3499084f22cf35b6fe,diferenca_funcional
src/vba/Repo_Empresa.bas,06117fa26341b6a3df643bcd80d52994b782db048be6de490ad6c98bb94a2cbc,local-ai/incoming/V206_ANCHOR_V5_20260524/Repo_Empresa.bas,7418ff8c87e4572afc2a80cc0f9657dd28168554227ff685a354797ef1f16468,diferenca_funcional
src/vba/Repo_OS.bas,c281ea88b01707fcc0595d450e7d9da3962a84321af6eeb978268c393b8b1692,local-ai/incoming/V206_ANCHOR_V5_20260524/Repo_OS.bas,7d015e26f6dc350a84e2742b227979570f063cd8df63d18016d064d582effe63,diferenca_funcional
src/vba/Repo_PreOS.bas,075a91ba013e004d125e4ac08174a6b4a800e7f2b28af2649a61988085a444c7,local-ai/incoming/V206_ANCHOR_V5_20260524/Repo_PreOS.bas,fcf76be1ea4b43b11d095e64989589505962b3cdced621f53b32b670516f1919,diferenca_funcional
src/vba/Svc_Avaliacao.bas,7f86249695eafb95fa6c813f036c4dd72257c80d18709e133ba636e65659caa9,local-ai/incoming/V206_ANCHOR_V5_20260524/Svc_Avaliacao.bas,57e3a5e5f2dc8ab7539e28cd875d1172155229d2b53a4cc76cdd14dac158c4a1,diferenca_funcional
src/vba/Svc_Entidade.bas,e168898fe48726eae5d7e0f46421c56b67935cdb37930b87bab6af545ce44a2c,local-ai/incoming/V206_ANCHOR_V5_20260524/Svc_Entidade.bas,54fcf513e9b8b3638c8cb6930886aeaf0cf298f3cc0aa9b61dd990eba14f7b95,diferenca_funcional
src/vba/Svc_OS.bas,d39d218046ad5de8ae5211c5e0d8cd3f6523d3fdfcdcdd4d156b1cb8f2eb96a3,local-ai/incoming/V206_ANCHOR_V5_20260524/Svc_OS.bas,84ffc03e54de5d2933cf2bc47297edd31735bbf9e35686162cd1fd6c7578587f,diferenca_funcional
src/vba/Svc_PreOS.bas,56c3f8287522e28484d34618b9a8e65a036c930651fb42e32bbacd3c07a7fd6e,local-ai/incoming/V206_ANCHOR_V5_20260524/Svc_PreOS.bas,b2b6ad54ce8c3f032b34209001fb5f47db0e758f0a3e25f6a1ea1de5d22aea99,diferenca_funcional
src/vba/Svc_Rodizio.bas,86a65ed92cb174e1c2180db2b83b2d62eaf467d9d05fbe8a15a7ce1bf373f195,local-ai/incoming/V206_ANCHOR_V5_20260524/Svc_Rodizio.bas,6b1acc3e09a23ab67f1198e07909a19b26e6aebef7d675f2905988324dab7ff7,diferenca_funcional
src/vba/Svc_Transacao.bas,21a26358a9df9ca005710b8d1dc34496a1f64117c056e8bf4bb1479d942d1a27,local-ai/incoming/V206_ANCHOR_V5_20260524/Svc_Transacao.bas,7adf921ad05c4cc96c95bfc90e9edcb574e6d9d7cdfda657db088ca9b6397f8b,diferenca_funcional
src/vba/Teste_Bateria_Oficial.bas,b9e34f8c7cb884e26a9aef165984fbfdcafdabe881be19d3bccee00bdc337535,local-ai/incoming/V206_ANCHOR_V5_20260524/Teste_Bateria_Oficial.bas,08509a81996ed7538e3d2562a75477607fbff5216c97c7f029411b8333e87dfd,diferenca_funcional
src/vba/Teste_UI_Guiado.bas,2a6badeedd0527b5fa6ebe482adebe9b5cce621e637cf8625aa0de3451108776,local-ai/incoming/V206_ANCHOR_V5_20260524/Teste_UI_Guiado.bas,1171980af89e9e3c2554ee2b24162606d960684b01eb90496f203bbf68de9305,diferenca_funcional
src/vba/Teste_V2_Engine.bas,3d7baa8781bca1b1e2adc1e4001e9d0744c887b9596274432c662be002f7509b,local-ai/incoming/V206_ANCHOR_V5_20260524/Teste_V2_Engine.bas,a198f842a66487612a83633d921173038c9e3128e318b51cdffdd704b50c6cfc,diferenca_funcional
src/vba/Teste_V2_Roteiros.bas,107a4f0bee5a1e2087f4a0aee24b1509d93d1929dd1bce1ef7e3016714abf017,local-ai/incoming/V206_ANCHOR_V5_20260524/Teste_V2_Roteiros.bas,a841d57d525283fa622a2b91af118bb62cb9c307c9cf62851d08d61af80d06ef,diferenca_funcional
src/vba/Teste_Validacao_Release.bas,f3bad2176aec38b89fe3c3ca8f3ab47c89e562c87f78878f6bdc4c44f3e7d105,local-ai/incoming/V206_ANCHOR_V5_20260524/Teste_Validacao_Release.bas,1b63cce66c2eb1eb85edf9ac2a9f512a2e659d80508a87dca48859cdee93ec98,diferenca_funcional
src/vba/Treinamento_Painel.bas,afe788eb30d13aabe1d3d9a76855b6d6221311aa1153a2539fd5b93e41d71f35,local-ai/incoming/V206_ANCHOR_V5_20260524/Treinamento_Painel.bas,7d559d0ee6c75007ea0d655bdc22d6d45e309c585da8037a159aace7cbb3e416,diferenca_funcional
src/vba/Util_Config.bas,1c8fba9b244e1a4f9b6ffb63524ec00e81e2f6747fb4269c3c79ad5c80856e1b,local-ai/incoming/V206_ANCHOR_V5_20260524/Util_Config.bas,7507ce58fa01dd8298bbd7b23463eada582f3cc8e40a4bc0e48da7cb9b8ada6f,diferenca_funcional
src/vba/Util_Conversao.bas,9af9f2bef77125304f11e74f1012631e15d7d35d0b54b085d9f08af31e2f193f,local-ai/incoming/V206_ANCHOR_V5_20260524/Util_Conversao.bas,33ed3ca01376238a607630033e771047c467e2f0066aa525ccfa7659a09e038b,diferenca_funcional
src/vba/Util_Evolucao.bas,5bc2cdf67989c6d09303cc3f4c5b3a7f94dfea81ac0ac98ab78114ac709d6bcf,local-ai/incoming/V206_ANCHOR_V5_20260524/Util_Evolucao.bas,5bc2cdf67989c6d09303cc3f4c5b3a7f94dfea81ac0ac98ab78114ac709d6bcf,drift_export_benigno
src/vba/Util_Filtro_Lista.bas,9968947285d298b00e70b11166f676faf3156b61b438d040c0f98e55ef9664e1,local-ai/incoming/V206_ANCHOR_V5_20260524/Util_Filtro_Lista.bas,9968947285d298b00e70b11166f676faf3156b61b438d040c0f98e55ef9664e1,drift_export_benigno
src/vba/Util_Planilha.bas,287778a9b1be124e1a30b44fa191d358f7a7730c6fde5694f186e9d338a2764b,local-ai/incoming/V206_ANCHOR_V5_20260524/Util_Planilha.bas,287778a9b1be124e1a30b44fa191d358f7a7730c6fde5694f186e9d338a2764b,drift_export_benigno
src/vba/Variaveis.bas,1483991ada3fdb2f1572044f24a62a147070b80009bf0689622efa5892b93f7b,local-ai/incoming/V206_ANCHOR_V5_20260524/Variaveis.bas,23f78953c4a5d99be64fc2397aea2fbfd93cfb3094e087ce12aeefcfdd1c90d1,diferenca_funcional
